{"cameraMode":{"drawMode":0,"name":"Shaded","section":"Shading Mode"},"sceneLighting":true,"audioPlay":false,"sceneViewState":{"m_AlwaysRefresh":false,"showFog":true,"showSkybox":true,"showFlares":true,"showImageEffects":true,"showParticleSystems":true,"showVisualEffectGraphs":true,"m_FxEnabled":true},"in2DMode":false,"pivot":{"x":288.9338073730469,"y":18.786466598510743,"z":616.975341796875},"rotation":{"x":-0.0027593651320785286,"y":0.7064448595046997,"z":-0.002752303145825863,"w":-0.7077652812004089},"size":1.800157070159912,"orthographic":false}